{
    "spot_theme": {
        "sounds":[
            "suit/spot_theme"
        ],
        "category":"player"
    },
    "spot_hole": {
        "sounds":[
            "suit/spot_hole"
        ],
        "category":"player"
    },
    "grapple_loop": {
        "sounds":[
            "suit/grapple_loop"
        ],
        "category":"player"
    },
    "grapple_throw": {
        "sounds":[
            "suit/grapple_throw"
        ],
        "category":"player"
    },
    "grapple_release": {
        "sounds":[
            "suit/grapple_release"
        ],
        "category":"player"
    },
    "jetpack_init": {
        "sounds":[
            "suit/jetpack_init"
        ],
        "category":"player"
    },
    "jetpack": {
        "sounds":[
            "suit/jetpack"
        ],
        "category":"player"
    },
    "helm_on": {
        "sounds":[
            "suit/helm_on"
        ],
        "category":"player"
    },
    "helm_off": {
        "sounds":[
            "suit/helm_off"
        ],
        "category":"player"
    },
    "killercroc_roarinit": {
        "sounds":[
            "suit/killercroc_roarinit"
        ],
        "category":"player"
    },
    "killercroc_roarloop": {
        "sounds":[
            "suit/killercroc_roarloop"
        ],
        "category":"player"
    }
}